,TRANSACTION_ID,CREATION_TIMESTAMP,END_TIMESTAMP
0,72,1635712213,1635716188
1,84,1634797799,1634801909
2,95,1635112211,1635112283
3,107,1635377324,1635382518
4,126,1634648568,1634651812
5,66,1634797623,1634802326
6,97,1635112211,1635112302
7,145,1635150190,1635150608
8,102,1634777322,1634781005
9,123,1635577717,1635583516
10,135,1634813718,1634818250
11,86,1635393687,1635396218
12,92,1635393687,1635396971
13,67,1634797623,1634801826
14,141,1639965912,1639967380
15,119,1634813718,1634818843
16,108,1634777322,1634779677
17,110,1634348568,1634353987
18,148,1636078858,1636084725
19,70,1635712213,1635715867
20,162,1634513718,1634515413
21,62,1634797623,1634799791
22,79,1634797623,1634800351
23,125,1634866729,1634869428
24,124,1634813718,1634815509
25,155,1634866729,1634868103
26,121,1635150190,1635153069
27,83,1635993689,1635997264
28,132,1634801982,1634805495
29,129,1634813718,1634814705
30,146,1639792510,1639796936
31,94,1635393687,1635397968
32,142,1639792510,1639796628
33,159,1634992021,1634997645
34,138,1634513718,1634518116
35,98,1635993689,1635993919
36,54,1636077170,1636078552
37,90,1634797623,1634800745
38,91,1634797799,1634802663
39,74,1635112211,1635113460
40,163,1639792510,1639797901
41,69,1635393497,1635396397
42,59,1635993499,1635995458
43,147,1634348568,1634353298
44,118,1634889333,1634893141
45,131,1634348568,1634349863
46,89,1635993499,1635995036
47,103,1634777322,1634781632
48,130,1636767802,1636773227
49,99,1634777322,1634781863
50,63,1635112211,1635114162
51,61,1635393687,1635396152
52,65,1634797799,1634801700
53,150,1634692021,1634692106
54,140,1639792510,1639796513
55,104,1635377324,1635380902
56,116,1634513718,1634514443
57,139,1634513718,1634514221
58,76,1635112211,1635117754
59,158,1634513718,1634516366
60,156,1635577717,1635581107
61,82,1634797623,1634803365
62,75,1635712213,1635717134
63,64,1635393497,1635396312
64,56,1635477168,1635477773
65,154,1635577717,1635579882
66,133,1636078858,1636084109
67,136,1634348568,1634351003
68,115,1634348568,1634349974
69,149,1634513718,1634514728
70,152,1634801982,1634802400
71,87,1635393687,1635396601
72,120,1635062927,1635063023
73,127,1634692021,1634695655
74,114,1634348568,1634349333
75,137,1634692021,1634694021
76,73,1634797799,1634798045
77,160,1634348568,1634350835
78,113,1634692021,1634694215
79,85,1635393497,1635393843
80,105,1634777322,1634782494
81,122,1635411326,1635416178
82,68,1634797623,1634801251
83,58,1635477168,1635481800
84,80,1634797799,1634800951
85,161,1635450190,1635455803
86,106,1634777322,1634780661
87,101,1634777322,1634779351
88,153,1635577717,1635581427
89,77,1635393687,1635396421
90,112,1634813718,1634814055
91,109,1634348568,1634352102
92,117,1634801982,1634803716
93,144,1634513718,1634518437
94,128,1636078858,1636082912
95,157,1636078858,1636081210
96,81,1635393497,1635393702
97,143,1636078858,1636080639
98,96,1634797799,1634798110
99,93,1635393497,1635393859
100,100,1634777322,1634782071
101,71,1634797623,1634801309
102,78,1635393497,1635398528
103,151,1643101058,1643102146
104,111,1634513718,1634517842
105,60,1634797799,1634800142
106,55,1635477168,1635482120
107,57,1635477168,1635479140
108,88,1634797799,1634802419
109,134,1634513718,1634517834
